rouge,f,p,r
rouge-1,0.34098457566480356,0.2989084852076435,0.5161047181966745
rouge-2,0.1550957869743154,0.13700001891241786,0.23250727527064896
rouge-l,0.310498349145133,0.28130391700667096,0.41083865900544997
