rouge,f,p,r
rouge-1,0.330627062712133,0.28598976861386477,0.5159701985305429
rouge-2,0.14428708544524402,0.12506853783050004,0.22382090800754945
rouge-l,0.3077508416103127,0.27937969835772647,0.4070968036441219
