rouge,f,p,r
rouge-1,0.31980591895335997,0.32601554395251886,0.3932857083728485
rouge-2,0.11741303108799629,0.12232680731109355,0.14253525925542307
rouge-l,0.28588457503170195,0.2973054490536871,0.3203689521876146
