rouge,f,p,r
rouge-1,0.21408954883227302,0.15336681929909654,0.5186868187954822
rouge-2,0.07178489403622129,0.04991195245432534,0.19240506329113927
rouge-l,0.24919626156296756,0.19366624977666608,0.4223696834026223
